{
  "name": "check-prime-number",
  "version": "1.0.0",
  "lockfileVersion": 2,
  "requires": true,
  "packages": {
    "": {
      "name": "check-prime-number",
      "version": "1.0.0",
      "license": "ISC",
      "dependencies": {
        "aws-sdk": "^2.610.0",
        "axios": "^0.19.2",
        "body-parser": "^1.19.0",
        "cors": "^2.8.5",
        "crypto": "^1.0.1",
        "express": "^4.17.1",
        "file-type": "^13.1.2",
        "multer": "^1.4.2",
        "mysql": "^2.18.1",
        "vue-toast-notification": "0.0.3",
        "vue-toasted": "^1.1.27"
      }
    },
    "node_modules/@tokenizer/token": {
      "version": "0.1.1",
      "resolved": "https://registry.npmjs.org/@tokenizer/token/-/token-0.1.1.tgz",
      "integrity": "sha512-XO6INPbZCxdprl+9qa/AAbFFOMzzwqYxpjPgLICrMD6C2FCw6qfJOPcBk6JqqPLSaZ/Qx87qn4rpPmPMwaAK6w=="
    },
    "node_modules/accepts": {
      "version": "1.3.8",
      "resolved": "https://registry.npmjs.org/accepts/-/accepts-1.3.8.tgz",
      "integrity": "sha512-PYAthTa2m2VKxuvSD3DPC/Gy+U+sOA1LAuT8mkmRuvw+NACSaeXEQ+NHcVF7rONl6qcaxV3Uuemwawk+7+SJLw==",
      "dependencies": {
        "mime-types": "~2.1.34",
        "negotiator": "0.6.3"
      },
      "engines": {
        "node": ">= 0.6"
      }
    },
    "node_modules/append-field": {
      "version": "1.0.0",
      "resolved": "https://registry.npmjs.org/append-field/-/append-field-1.0.0.tgz",
      "integrity": "sha1-HjRA6RXwsSA9I3SOeO3XubW0PlY="
    },
    "node_modules/array-flatten": {
      "version": "1.1.1",
      "resolved": "https://registry.npmjs.org/array-flatten/-/array-flatten-1.1.1.tgz",
      "integrity": "sha1-ml9pkFGx5wczKPKgCJaLZOopVdI="
    },
    "node_modules/aws-sdk": {
      "version": "2.1070.0",
      "resolved": "https://registry.npmjs.org/aws-sdk/-/aws-sdk-2.1070.0.tgz",
      "integrity": "sha512-tkmuycoJ9k0qF1iq03iqyhevxP3l0OlrnUxjd0x8nZ9Ko1TGjyj0yJS4Vbd4r5RBpKUwRqedB7TAyZ/71mcZKw==",
      "dependencies": {
        "buffer": "4.9.2",
        "events": "1.1.1",
        "ieee754": "1.1.13",
        "jmespath": "0.16.0",
        "querystring": "0.2.0",
        "sax": "1.2.1",
        "url": "0.10.3",
        "uuid": "3.3.2",
        "xml2js": "0.4.19"
      },
      "engines": {
        "node": ">= 10.0.0"
      }
    },
    "node_modules/axios": {
      "version": "0.19.2",
      "resolved": "https://registry.npmjs.org/axios/-/axios-0.19.2.tgz",
      "integrity": "sha512-fjgm5MvRHLhx+osE2xoekY70AhARk3a6hkN+3Io1jc00jtquGvxYlKlsFUhmUET0V5te6CcZI7lcv2Ym61mjHA==",
      "deprecated": "Critical security vulnerability fixed in v0.21.1. For more information, see https://github.com/axios/axios/pull/3410",
      "dependencies": {
        "follow-redirects": "1.5.10"
      }
    },
    "node_modules/base64-js": {
      "version": "1.5.1",
      "resolved": "https://registry.npmjs.org/base64-js/-/base64-js-1.5.1.tgz",
      "integrity": "sha512-AKpaYlHn8t4SVbOHCy+b5+KKgvR4vrsD8vbvrbiQJps7fKDTkjkDry6ji0rUJjC0kzbNePLwzxq8iypo41qeWA==",
      "funding": [
        {
          "type": "github",
          "url": "https://github.com/sponsors/feross"
        },
        {
          "type": "patreon",
          "url": "https://www.patreon.com/feross"
        },
        {
          "type": "consulting",
          "url": "https://feross.org/support"
        }
      ]
    },
    "node_modules/bignumber.js": {
      "version": "9.0.0",
      "resolved": "https://registry.npmjs.org/bignumber.js/-/bignumber.js-9.0.0.tgz",
      "integrity": "sha512-t/OYhhJ2SD+YGBQcjY8GzzDHEk9f3nerxjtfa6tlMXfe7frs/WozhvCNoGvpM0P3bNf3Gq5ZRMlGr5f3r4/N8A==",
      "engines": {
        "node": "*"
      }
    },
    "node_modules/body-parser": {
      "version": "1.19.1",
      "resolved": "https://registry.npmjs.org/body-parser/-/body-parser-1.19.1.tgz",
      "integrity": "sha512-8ljfQi5eBk8EJfECMrgqNGWPEY5jWP+1IzkzkGdFFEwFQZZyaZ21UqdaHktgiMlH0xLHqIFtE/u2OYE5dOtViA==",
      "dependencies": {
        "bytes": "3.1.1",
        "content-type": "~1.0.4",
        "debug": "2.6.9",
        "depd": "~1.1.2",
        "http-errors": "1.8.1",
        "iconv-lite": "0.4.24",
        "on-finished": "~2.3.0",
        "qs": "6.9.6",
        "raw-body": "2.4.2",
        "type-is": "~1.6.18"
      },
      "engines": {
        "node": ">= 0.8"
      }
    },
    "node_modules/body-parser/node_modules/debug": {
      "version": "2.6.9",
      "resolved": "https://registry.npmjs.org/debug/-/debug-2.6.9.tgz",
      "integrity": "sha512-bC7ElrdJaJnPbAP+1EotYvqZsb3ecl5wi6Bfi6BJTUcNowp6cvspg0jXznRTKDjm/E7AdgFBVeAPVMNcKGsHMA==",
      "dependencies": {
        "ms": "2.0.0"
      }
    },
    "node_modules/buffer": {
      "version": "4.9.2",
      "resolved": "https://registry.npmjs.org/buffer/-/buffer-4.9.2.tgz",
      "integrity": "sha512-xq+q3SRMOxGivLhBNaUdC64hDTQwejJ+H0T/NB1XMtTVEwNTrfFF3gAxiyW0Bu/xWEGhjVKgUcMhCrUy2+uCWg==",
      "dependencies": {
        "base64-js": "^1.0.2",
        "ieee754": "^1.1.4",
        "isarray": "^1.0.0"
      }
    },
    "node_modules/buffer-from": {
      "version": "1.1.2",
      "resolved": "https://registry.npmjs.org/buffer-from/-/buffer-from-1.1.2.tgz",
      "integrity": "sha512-E+XQCRwSbaaiChtv6k6Dwgc+bx+Bs6vuKJHHl5kox/BaKbhiXzqQOwK4cO22yElGp2OCmjwVhT3HmxgyPGnJfQ=="
    },
    "node_modules/busboy": {
      "version": "0.2.14",
      "resolved": "https://registry.npmjs.org/busboy/-/busboy-0.2.14.tgz",
      "integrity": "sha1-bCpiLvz0fFe7vh4qnDetNseSVFM=",
      "dependencies": {
        "dicer": "0.2.5",
        "readable-stream": "1.1.x"
      },
      "engines": {
        "node": ">=0.8.0"
      }
    },
    "node_modules/bytes": {
      "version": "3.1.1",
      "resolved": "https://registry.npmjs.org/bytes/-/bytes-3.1.1.tgz",
      "integrity": "sha512-dWe4nWO/ruEOY7HkUJ5gFt1DCFV9zPRoJr8pV0/ASQermOZjtq8jMjOprC0Kd10GLN+l7xaUPvxzJFWtxGu8Fg==",
      "engines": {
        "node": ">= 0.8"
      }
    },
    "node_modules/concat-stream": {
      "version": "1.6.2",
      "resolved": "https://registry.npmjs.org/concat-stream/-/concat-stream-1.6.2.tgz",
      "integrity": "sha512-27HBghJxjiZtIk3Ycvn/4kbJk/1uZuJFfuPEns6LaEvpvG1f0hTea8lilrouyo9mVc2GWdcEZ8OLoGmSADlrCw==",
      "engines": [
        "node >= 0.8"
      ],
      "dependencies": {
        "buffer-from": "^1.0.0",
        "inherits": "^2.0.3",
        "readable-stream": "^2.2.2",
        "typedarray": "^0.0.6"
      }
    },
    "node_modules/concat-stream/node_modules/readable-stream": {
      "version": "2.3.7",
      "resolved": "https://registry.npmjs.org/readable-stream/-/readable-stream-2.3.7.tgz",
      "integrity": "sha512-Ebho8K4jIbHAxnuxi7o42OrZgF/ZTNcsZj6nRKyUmkhLFq8CHItp/fy6hQZuZmP/n3yZ9VBUbp4zz/mX8hmYPw==",
      "dependencies": {
        "core-util-is": "~1.0.0",
        "inherits": "~2.0.3",
        "isarray": "~1.0.0",
        "process-nextick-args": "~2.0.0",
        "safe-buffer": "~5.1.1",
        "string_decoder": "~1.1.1",
        "util-deprecate": "~1.0.1"
      }
    },
    "node_modules/concat-stream/node_modules/safe-buffer": {
      "version": "5.1.2",
      "resolved": "https://registry.npmjs.org/safe-buffer/-/safe-buffer-5.1.2.tgz",
      "integrity": "sha512-Gd2UZBJDkXlY7GbJxfsE8/nvKkUEU1G38c1siN6QP6a9PT9MmHB8GnpscSmMJSoF8LOIrt8ud/wPtojys4G6+g=="
    },
    "node_modules/concat-stream/node_modules/string_decoder": {
      "version": "1.1.1",
      "resolved": "https://registry.npmjs.org/string_decoder/-/string_decoder-1.1.1.tgz",
      "integrity": "sha512-n/ShnvDi6FHbbVfviro+WojiFzv+s8MPMHBczVePfUpDJLwoLT0ht1l4YwBCbi8pJAveEEdnkHyPyTP/mzRfwg==",
      "dependencies": {
        "safe-buffer": "~5.1.0"
      }
    },
    "node_modules/content-disposition": {
      "version": "0.5.4",
      "resolved": "https://registry.npmjs.org/content-disposition/-/content-disposition-0.5.4.tgz",
      "integrity": "sha512-FveZTNuGw04cxlAiWbzi6zTAL/lhehaWbTtgluJh4/E95DqMwTmha3KZN1aAWA8cFIhHzMZUvLevkw5Rqk+tSQ==",
      "dependencies": {
        "safe-buffer": "5.2.1"
      },
      "engines": {
        "node": ">= 0.6"
      }
    },
    "node_modules/content-type": {
      "version": "1.0.4",
      "resolved": "https://registry.npmjs.org/content-type/-/content-type-1.0.4.tgz",
      "integrity": "sha512-hIP3EEPs8tB9AT1L+NUqtwOAps4mk2Zob89MWXMHjHWg9milF/j4osnnQLXBCBFBk/tvIG/tUc9mOUJiPBhPXA==",
      "engines": {
        "node": ">= 0.6"
      }
    },
    "node_modules/cookie": {
      "version": "0.4.1",
      "resolved": "https://registry.npmjs.org/cookie/-/cookie-0.4.1.tgz",
      "integrity": "sha512-ZwrFkGJxUR3EIoXtO+yVE69Eb7KlixbaeAWfBQB9vVsNn/o+Yw69gBWSSDK825hQNdN+wF8zELf3dFNl/kxkUA==",
      "engines": {
        "node": ">= 0.6"
      }
    },
    "node_modules/cookie-signature": {
      "version": "1.0.6",
      "resolved": "https://registry.npmjs.org/cookie-signature/-/cookie-signature-1.0.6.tgz",
      "integrity": "sha1-4wOogrNCzD7oylE6eZmXNNqzriw="
    },
    "node_modules/core-util-is": {
      "version": "1.0.3",
      "resolved": "https://registry.npmjs.org/core-util-is/-/core-util-is-1.0.3.tgz",
      "integrity": "sha512-ZQBvi1DcpJ4GDqanjucZ2Hj3wEO5pZDS89BWbkcrvdxksJorwUDDZamX9ldFkp9aw2lmBDLgkObEA4DWNJ9FYQ=="
    },
    "node_modules/cors": {
      "version": "2.8.5",
      "resolved": "https://registry.npmjs.org/cors/-/cors-2.8.5.tgz",
      "integrity": "sha512-KIHbLJqu73RGr/hnbrO9uBeixNGuvSQjul/jdFvS/KFSIH1hWVd1ng7zOHx+YrEfInLG7q4n6GHQ9cDtxv/P6g==",
      "dependencies": {
        "object-assign": "^4",
        "vary": "^1"
      },
      "engines": {
        "node": ">= 0.10"
      }
    },
    "node_modules/crypto": {
      "version": "1.0.1",
      "resolved": "https://registry.npmjs.org/crypto/-/crypto-1.0.1.tgz",
      "integrity": "sha512-VxBKmeNcqQdiUQUW2Tzq0t377b54N2bMtXO/qiLa+6eRRmmC4qT3D4OnTGoT/U6O9aklQ/jTwbOtRMTTY8G0Ig==",
      "deprecated": "This package is no longer supported. It's now a built-in Node module. If you've depended on crypto, you should switch to the one that's built-in."
    },
    "node_modules/debug": {
      "version": "3.1.0",
      "resolved": "https://registry.npmjs.org/debug/-/debug-3.1.0.tgz",
      "integrity": "sha512-OX8XqP7/1a9cqkxYw2yXss15f26NKWBpDXQd0/uK/KPqdQhxbPa994hnzjcE2VqQpDslf55723cKPUOGSmMY3g==",
      "dependencies": {
        "ms": "2.0.0"
      }
    },
    "node_modules/depd": {
      "version": "1.1.2",
      "resolved": "https://registry.npmjs.org/depd/-/depd-1.1.2.tgz",
      "integrity": "sha1-m81S4UwJd2PnSbJ0xDRu0uVgtak=",
      "engines": {
        "node": ">= 0.6"
      }
    },
    "node_modules/destroy": {
      "version": "1.0.4",
      "resolved": "https://registry.npmjs.org/destroy/-/destroy-1.0.4.tgz",
      "integrity": "sha1-l4hXRCxEdJ5CBmE+N5RiBYJqvYA="
    },
    "node_modules/dicer": {
      "version": "0.2.5",
      "resolved": "https://registry.npmjs.org/dicer/-/dicer-0.2.5.tgz",
      "integrity": "sha1-WZbAhrszIYyBLAkL3cCc0S+stw8=",
      "dependencies": {
        "readable-stream": "1.1.x",
        "streamsearch": "0.1.2"
      },
      "engines": {
        "node": ">=0.8.0"
      }
    },
    "node_modules/ee-first": {
      "version": "1.1.1",
      "resolved": "https://registry.npmjs.org/ee-first/-/ee-first-1.1.1.tgz",
      "integrity": "sha1-WQxhFWsK4vTwJVcyoViyZrxWsh0="
    },
    "node_modules/encodeurl": {
      "version": "1.0.2",
      "resolved": "https://registry.npmjs.org/encodeurl/-/encodeurl-1.0.2.tgz",
      "integrity": "sha1-rT/0yG7C0CkyL1oCw6mmBslbP1k=",
      "engines": {
        "node": ">= 0.8"
      }
    },
    "node_modules/escape-html": {
      "version": "1.0.3",
      "resolved": "https://registry.npmjs.org/escape-html/-/escape-html-1.0.3.tgz",
      "integrity": "sha1-Aljq5NPQwJdN4cFpGI7wBR0dGYg="
    },
    "node_modules/etag": {
      "version": "1.8.1",
      "resolved": "https://registry.npmjs.org/etag/-/etag-1.8.1.tgz",
      "integrity": "sha1-Qa4u62XvpiJorr/qg6x9eSmbCIc=",
      "engines": {
        "node": ">= 0.6"
      }
    },
    "node_modules/events": {
      "version": "1.1.1",
      "resolved": "https://registry.npmjs.org/events/-/events-1.1.1.tgz",
      "integrity": "sha1-nr23Y1rQmccNzEwqH1AEKI6L2SQ=",
      "engines": {
        "node": ">=0.4.x"
      }
    },
    "node_modules/express": {
      "version": "4.17.2",
      "resolved": "https://registry.npmjs.org/express/-/express-4.17.2.tgz",
      "integrity": "sha512-oxlxJxcQlYwqPWKVJJtvQiwHgosH/LrLSPA+H4UxpyvSS6jC5aH+5MoHFM+KABgTOt0APue4w66Ha8jCUo9QGg==",
      "dependencies": {
        "accepts": "~1.3.7",
        "array-flatten": "1.1.1",
        "body-parser": "1.19.1",
        "content-disposition": "0.5.4",
        "content-type": "~1.0.4",
        "cookie": "0.4.1",
        "cookie-signature": "1.0.6",
        "debug": "2.6.9",
        "depd": "~1.1.2",
        "encodeurl": "~1.0.2",
        "escape-html": "~1.0.3",
        "etag": "~1.8.1",
        "finalhandler": "~1.1.2",
        "fresh": "0.5.2",
        "merge-descriptors": "1.0.1",
        "methods": "~1.1.2",
        "on-finished": "~2.3.0",
        "parseurl": "~1.3.3",
        "path-to-regexp": "0.1.7",
        "proxy-addr": "~2.0.7",
        "qs": "6.9.6",
        "range-parser": "~1.2.1",
        "safe-buffer": "5.2.1",
        "send": "0.17.2",
        "serve-static": "1.14.2",
        "setprototypeof": "1.2.0",
        "statuses": "~1.5.0",
        "type-is": "~1.6.18",
        "utils-merge": "1.0.1",
        "vary": "~1.1.2"
      },
      "engines": {
        "node": ">= 0.10.0"
      }
    },
    "node_modules/express/node_modules/debug": {
      "version": "2.6.9",
      "resolved": "https://registry.npmjs.org/debug/-/debug-2.6.9.tgz",
      "integrity": "sha512-bC7ElrdJaJnPbAP+1EotYvqZsb3ecl5wi6Bfi6BJTUcNowp6cvspg0jXznRTKDjm/E7AdgFBVeAPVMNcKGsHMA==",
      "dependencies": {
        "ms": "2.0.0"
      }
    },
    "node_modules/file-type": {
      "version": "13.1.2",
      "resolved": "https://registry.npmjs.org/file-type/-/file-type-13.1.2.tgz",
      "integrity": "sha512-NiHXbmclwHN38eHZfRklosbm7/W+1yacDzRCyddd0NiyuJUArQDmzJ8GPSFJGl82+I59u7sNGfcAVnJsfXJb8A==",
      "dependencies": {
        "readable-web-to-node-stream": "^2.0.0",
        "strtok3": "^5.0.2",
        "token-types": "^2.0.0",
        "typedarray-to-buffer": "^3.1.5"
      },
      "engines": {
        "node": ">=8"
      }
    },
    "node_modules/finalhandler": {
      "version": "1.1.2",
      "resolved": "https://registry.npmjs.org/finalhandler/-/finalhandler-1.1.2.tgz",
      "integrity": "sha512-aAWcW57uxVNrQZqFXjITpW3sIUQmHGG3qSb9mUah9MgMC4NeWhNOlNjXEYq3HjRAvL6arUviZGGJsBg6z0zsWA==",
      "dependencies": {
        "debug": "2.6.9",
        "encodeurl": "~1.0.2",
        "escape-html": "~1.0.3",
        "on-finished": "~2.3.0",
        "parseurl": "~1.3.3",
        "statuses": "~1.5.0",
        "unpipe": "~1.0.0"
      },
      "engines": {
        "node": ">= 0.8"
      }
    },
    "node_modules/finalhandler/node_modules/debug": {
      "version": "2.6.9",
      "resolved": "https://registry.npmjs.org/debug/-/debug-2.6.9.tgz",
      "integrity": "sha512-bC7ElrdJaJnPbAP+1EotYvqZsb3ecl5wi6Bfi6BJTUcNowp6cvspg0jXznRTKDjm/E7AdgFBVeAPVMNcKGsHMA==",
      "dependencies": {
        "ms": "2.0.0"
      }
    },
    "node_modules/follow-redirects": {
      "version": "1.5.10",
      "resolved": "https://registry.npmjs.org/follow-redirects/-/follow-redirects-1.5.10.tgz",
      "integrity": "sha512-0V5l4Cizzvqt5D44aTXbFZz+FtyXV1vrDN6qrelxtfYQKW0KO0W2T/hkE8xvGa/540LkZlkaUjO4ailYTFtHVQ==",
      "dependencies": {
        "debug": "=3.1.0"
      },
      "engines": {
        "node": ">=4.0"
      }
    },
    "node_modules/forwarded": {
      "version": "0.2.0",
      "resolved": "https://registry.npmjs.org/forwarded/-/forwarded-0.2.0.tgz",
      "integrity": "sha512-buRG0fpBtRHSTCOASe6hD258tEubFoRLb4ZNA6NxMVHNw2gOcwHo9wyablzMzOA5z9xA9L1KNjk/Nt6MT9aYow==",
      "engines": {
        "node": ">= 0.6"
      }
    },
    "node_modules/fresh": {
      "version": "0.5.2",
      "resolved": "https://registry.npmjs.org/fresh/-/fresh-0.5.2.tgz",
      "integrity": "sha1-PYyt2Q2XZWn6g1qx+OSyOhBWBac=",
      "engines": {
        "node": ">= 0.6"
      }
    },
    "node_modules/http-errors": {
      "version": "1.8.1",
      "resolved": "https://registry.npmjs.org/http-errors/-/http-errors-1.8.1.tgz",
      "integrity": "sha512-Kpk9Sm7NmI+RHhnj6OIWDI1d6fIoFAtFt9RLaTMRlg/8w49juAStsrBgp0Dp4OdxdVbRIeKhtCUvoi/RuAhO4g==",
      "dependencies": {
        "depd": "~1.1.2",
        "inherits": "2.0.4",
        "setprototypeof": "1.2.0",
        "statuses": ">= 1.5.0 < 2",
        "toidentifier": "1.0.1"
      },
      "engines": {
        "node": ">= 0.6"
      }
    },
    "node_modules/iconv-lite": {
      "version": "0.4.24",
      "resolved": "https://registry.npmjs.org/iconv-lite/-/iconv-lite-0.4.24.tgz",
      "integrity": "sha512-v3MXnZAcvnywkTUEZomIActle7RXXeedOR31wwl7VlyoXO4Qi9arvSenNQWne1TcRwhCL1HwLI21bEqdpj8/rA==",
      "dependencies": {
        "safer-buffer": ">= 2.1.2 < 3"
      },
      "engines": {
        "node": ">=0.10.0"
      }
    },
    "node_modules/ieee754": {
      "version": "1.1.13",
      "resolved": "https://registry.npmjs.org/ieee754/-/ieee754-1.1.13.tgz",
      "integrity": "sha512-4vf7I2LYV/HaWerSo3XmlMkp5eZ83i+/CDluXi/IGTs/O1sejBNhTtnxzmRZfvOUqj7lZjqHkeTvpgSFDlWZTg=="
    },
    "node_modules/inherits": {
      "version": "2.0.4",
      "resolved": "https://registry.npmjs.org/inherits/-/inherits-2.0.4.tgz",
      "integrity": "sha512-k/vGaX4/Yla3WzyMCvTQOXYeIHvqOKtnqBduzTHpzpQZzAskKMhZ2K+EnBiSM9zGSoIFeMpXKxa4dYeZIQqewQ=="
    },
    "node_modules/ipaddr.js": {
      "version": "1.9.1",
      "resolved": "https://registry.npmjs.org/ipaddr.js/-/ipaddr.js-1.9.1.tgz",
      "integrity": "sha512-0KI/607xoxSToH7GjN1FfSbLoU0+btTicjsQSWQlh/hZykN8KpmMf7uYwPW3R+akZ6R/w18ZlXSHBYXiYUPO3g==",
      "engines": {
        "node": ">= 0.10"
      }
    },
    "node_modules/is-typedarray": {
      "version": "1.0.0",
      "resolved": "https://registry.npmjs.org/is-typedarray/-/is-typedarray-1.0.0.tgz",
      "integrity": "sha1-5HnICFjfDBsR3dppQPlgEfzaSpo="
    },
    "node_modules/isarray": {
      "version": "1.0.0",
      "resolved": "https://registry.npmjs.org/isarray/-/isarray-1.0.0.tgz",
      "integrity": "sha1-u5NdSFgsuhaMBoNJV6VKPgcSTxE="
    },
    "node_modules/jmespath": {
      "version": "0.16.0",
      "resolved": "https://registry.npmjs.org/jmespath/-/jmespath-0.16.0.tgz",
      "integrity": "sha512-9FzQjJ7MATs1tSpnco1K6ayiYE3figslrXA72G2HQ/n76RzvYlofyi5QM+iX4YRs/pu3yzxlVQSST23+dMDknw==",
      "engines": {
        "node": ">= 0.6.0"
      }
    },
    "node_modules/media-typer": {
      "version": "0.3.0",
      "resolved": "https://registry.npmjs.org/media-typer/-/media-typer-0.3.0.tgz",
      "integrity": "sha1-hxDXrwqmJvj/+hzgAWhUUmMlV0g=",
      "engines": {
        "node": ">= 0.6"
      }
    },
    "node_modules/merge-descriptors": {
      "version": "1.0.1",
      "resolved": "https://registry.npmjs.org/merge-descriptors/-/merge-descriptors-1.0.1.tgz",
      "integrity": "sha1-sAqqVW3YtEVoFQ7J0blT8/kMu2E="
    },
    "node_modules/methods": {
      "version": "1.1.2",
      "resolved": "https://registry.npmjs.org/methods/-/methods-1.1.2.tgz",
      "integrity": "sha1-VSmk1nZUE07cxSZmVoNbD4Ua/O4=",
      "engines": {
        "node": ">= 0.6"
      }
    },
    "node_modules/mime": {
      "version": "1.6.0",
      "resolved": "https://registry.npmjs.org/mime/-/mime-1.6.0.tgz",
      "integrity": "sha512-x0Vn8spI+wuJ1O6S7gnbaQg8Pxh4NNHb7KSINmEWKiPE4RKOplvijn+NkmYmmRgP68mc70j2EbeTFRsrswaQeg==",
      "bin": {
        "mime": "cli.js"
      },
      "engines": {
        "node": ">=4"
      }
    },
    "node_modules/mime-db": {
      "version": "1.51.0",
      "resolved": "https://registry.npmjs.org/mime-db/-/mime-db-1.51.0.tgz",
      "integrity": "sha512-5y8A56jg7XVQx2mbv1lu49NR4dokRnhZYTtL+KGfaa27uq4pSTXkwQkFJl4pkRMyNFz/EtYDSkiiEHx3F7UN6g==",
      "engines": {
        "node": ">= 0.6"
      }
    },
    "node_modules/mime-types": {
      "version": "2.1.34",
      "resolved": "https://registry.npmjs.org/mime-types/-/mime-types-2.1.34.tgz",
      "integrity": "sha512-6cP692WwGIs9XXdOO4++N+7qjqv0rqxxVvJ3VHPh/Sc9mVZcQP+ZGhkKiTvWMQRr2tbHkJP/Yn7Y0npb3ZBs4A==",
      "dependencies": {
        "mime-db": "1.51.0"
      },
      "engines": {
        "node": ">= 0.6"
      }
    },
    "node_modules/minimist": {
      "version": "1.2.5",
      "resolved": "https://registry.npmjs.org/minimist/-/minimist-1.2.5.tgz",
      "integrity": "sha512-FM9nNUYrRBAELZQT3xeZQ7fmMOBg6nWNmJKTcgsJeaLstP/UODVpGsr5OhXhhXg6f+qtJ8uiZ+PUxkDWcgIXLw=="
    },
    "node_modules/mkdirp": {
      "version": "0.5.5",
      "resolved": "https://registry.npmjs.org/mkdirp/-/mkdirp-0.5.5.tgz",
      "integrity": "sha512-NKmAlESf6jMGym1++R0Ra7wvhV+wFW63FaSOFPwRahvea0gMUcGUhVeAg/0BC0wiv9ih5NYPB1Wn1UEI1/L+xQ==",
      "dependencies": {
        "minimist": "^1.2.5"
      },
      "bin": {
        "mkdirp": "bin/cmd.js"
      }
    },
    "node_modules/ms": {
      "version": "2.0.0",
      "resolved": "https://registry.npmjs.org/ms/-/ms-2.0.0.tgz",
      "integrity": "sha1-VgiurfwAvmwpAd9fmGF4jeDVl8g="
    },
    "node_modules/multer": {
      "version": "1.4.4",
      "resolved": "https://registry.npmjs.org/multer/-/multer-1.4.4.tgz",
      "integrity": "sha512-2wY2+xD4udX612aMqMcB8Ws2Voq6NIUPEtD1be6m411T4uDH/VtL9i//xvcyFlTVfRdaBsk7hV5tgrGQqhuBiw==",
      "dependencies": {
        "append-field": "^1.0.0",
        "busboy": "^0.2.11",
        "concat-stream": "^1.5.2",
        "mkdirp": "^0.5.4",
        "object-assign": "^4.1.1",
        "on-finished": "^2.3.0",
        "type-is": "^1.6.4",
        "xtend": "^4.0.0"
      },
      "engines": {
        "node": ">= 0.10.0"
      }
    },
    "node_modules/mysql": {
      "version": "2.18.1",
      "resolved": "https://registry.npmjs.org/mysql/-/mysql-2.18.1.tgz",
      "integrity": "sha512-Bca+gk2YWmqp2Uf6k5NFEurwY/0td0cpebAucFpY/3jhrwrVGuxU2uQFCHjU19SJfje0yQvi+rVWdq78hR5lig==",
      "dependencies": {
        "bignumber.js": "9.0.0",
        "readable-stream": "2.3.7",
        "safe-buffer": "5.1.2",
        "sqlstring": "2.3.1"
      },
      "engines": {
        "node": ">= 0.6"
      }
    },
    "node_modules/mysql/node_modules/readable-stream": {
      "version": "2.3.7",
      "resolved": "https://registry.npmjs.org/readable-stream/-/readable-stream-2.3.7.tgz",
      "integrity": "sha512-Ebho8K4jIbHAxnuxi7o42OrZgF/ZTNcsZj6nRKyUmkhLFq8CHItp/fy6hQZuZmP/n3yZ9VBUbp4zz/mX8hmYPw==",
      "dependencies": {
        "core-util-is": "~1.0.0",
        "inherits": "~2.0.3",
        "isarray": "~1.0.0",
        "process-nextick-args": "~2.0.0",
        "safe-buffer": "~5.1.1",
        "string_decoder": "~1.1.1",
        "util-deprecate": "~1.0.1"
      }
    },
    "node_modules/mysql/node_modules/safe-buffer": {
      "version": "5.1.2",
      "resolved": "https://registry.npmjs.org/safe-buffer/-/safe-buffer-5.1.2.tgz",
      "integrity": "sha512-Gd2UZBJDkXlY7GbJxfsE8/nvKkUEU1G38c1siN6QP6a9PT9MmHB8GnpscSmMJSoF8LOIrt8ud/wPtojys4G6+g=="
    },
    "node_modules/mysql/node_modules/string_decoder": {
      "version": "1.1.1",
      "resolved": "https://registry.npmjs.org/string_decoder/-/string_decoder-1.1.1.tgz",
      "integrity": "sha512-n/ShnvDi6FHbbVfviro+WojiFzv+s8MPMHBczVePfUpDJLwoLT0ht1l4YwBCbi8pJAveEEdnkHyPyTP/mzRfwg==",
      "dependencies": {
        "safe-buffer": "~5.1.0"
      }
    },
    "node_modules/negotiator": {
      "version": "0.6.3",
      "resolved": "https://registry.npmjs.org/negotiator/-/negotiator-0.6.3.tgz",
      "integrity": "sha512-+EUsqGPLsM+j/zdChZjsnX51g4XrHFOIXwfnCVPGlQk/k5giakcKsuxCObBRu6DSm9opw/O6slWbJdghQM4bBg==",
      "engines": {
        "node": ">= 0.6"
      }
    },
    "node_modules/object-assign": {
      "version": "4.1.1",
      "resolved": "https://registry.npmjs.org/object-assign/-/object-assign-4.1.1.tgz",
      "integrity": "sha1-IQmtx5ZYh8/AXLvUQsrIv7s2CGM=",
      "engines": {
        "node": ">=0.10.0"
      }
    },
    "node_modules/on-finished": {
      "version": "2.3.0",
      "resolved": "https://registry.npmjs.org/on-finished/-/on-finished-2.3.0.tgz",
      "integrity": "sha1-IPEzZIGwg811M3mSoWlxqi2QaUc=",
      "dependencies": {
        "ee-first": "1.1.1"
      },
      "engines": {
        "node": ">= 0.8"
      }
    },
    "node_modules/parseurl": {
      "version": "1.3.3",
      "resolved": "https://registry.npmjs.org/parseurl/-/parseurl-1.3.3.tgz",
      "integrity": "sha512-CiyeOxFT/JZyN5m0z9PfXw4SCBJ6Sygz1Dpl0wqjlhDEGGBP1GnsUVEL0p63hoG1fcj3fHynXi9NYO4nWOL+qQ==",
      "engines": {
        "node": ">= 0.8"
      }
    },
    "node_modules/path-to-regexp": {
      "version": "0.1.7",
      "resolved": "https://registry.npmjs.org/path-to-regexp/-/path-to-regexp-0.1.7.tgz",
      "integrity": "sha1-32BBeABfUi8V60SQ5yR6G/qmf4w="
    },
    "node_modules/peek-readable": {
      "version": "3.1.4",
      "resolved": "https://registry.npmjs.org/peek-readable/-/peek-readable-3.1.4.tgz",
      "integrity": "sha512-DX7ec7frSMtCWw+zMd27f66hcxIz/w9LQTY2RflB4WNHCVPAye1pJiP2t3gvaaOhu7IOhtPbHw8MemMj+F5lrg==",
      "engines": {
        "node": ">=8"
      },
      "funding": {
        "type": "github",
        "url": "https://github.com/sponsors/Borewit"
      }
    },
    "node_modules/process-nextick-args": {
      "version": "2.0.1",
      "resolved": "https://registry.npmjs.org/process-nextick-args/-/process-nextick-args-2.0.1.tgz",
      "integrity": "sha512-3ouUOpQhtgrbOa17J7+uxOTpITYWaGP7/AhoR3+A+/1e9skrzelGi/dXzEYyvbxubEF6Wn2ypscTKiKJFFn1ag=="
    },
    "node_modules/proxy-addr": {
      "version": "2.0.7",
      "resolved": "https://registry.npmjs.org/proxy-addr/-/proxy-addr-2.0.7.tgz",
      "integrity": "sha512-llQsMLSUDUPT44jdrU/O37qlnifitDP+ZwrmmZcoSKyLKvtZxpyV0n2/bD/N4tBAAZ/gJEdZU7KMraoK1+XYAg==",
      "dependencies": {
        "forwarded": "0.2.0",
        "ipaddr.js": "1.9.1"
      },
      "engines": {
        "node": ">= 0.10"
      }
    },
    "node_modules/punycode": {
      "version": "1.3.2",
      "resolved": "https://registry.npmjs.org/punycode/-/punycode-1.3.2.tgz",
      "integrity": "sha1-llOgNvt8HuQjQvIyXM7v6jkmxI0="
    },
    "node_modules/qs": {
      "version": "6.9.6",
      "resolved": "https://registry.npmjs.org/qs/-/qs-6.9.6.tgz",
      "integrity": "sha512-TIRk4aqYLNoJUbd+g2lEdz5kLWIuTMRagAXxl78Q0RiVjAOugHmeKNGdd3cwo/ktpf9aL9epCfFqWDEKysUlLQ==",
      "engines": {
        "node": ">=0.6"
      },
      "funding": {
        "url": "https://github.com/sponsors/ljharb"
      }
    },
    "node_modules/querystring": {
      "version": "0.2.0",
      "resolved": "https://registry.npmjs.org/querystring/-/querystring-0.2.0.tgz",
      "integrity": "sha1-sgmEkgO7Jd+CDadW50cAWHhSFiA=",
      "deprecated": "The querystring API is considered Legacy. new code should use the URLSearchParams API instead.",
      "engines": {
        "node": ">=0.4.x"
      }
    },
    "node_modules/range-parser": {
      "version": "1.2.1",
      "resolved": "https://registry.npmjs.org/range-parser/-/range-parser-1.2.1.tgz",
      "integrity": "sha512-Hrgsx+orqoygnmhFbKaHE6c296J+HTAQXoxEF6gNupROmmGJRoyzfG3ccAveqCBrwr/2yxQ5BVd/GTl5agOwSg==",
      "engines": {
        "node": ">= 0.6"
      }
    },
    "node_modules/raw-body": {
      "version": "2.4.2",
      "resolved": "https://registry.npmjs.org/raw-body/-/raw-body-2.4.2.tgz",
      "integrity": "sha512-RPMAFUJP19WIet/99ngh6Iv8fzAbqum4Li7AD6DtGaW2RpMB/11xDoalPiJMTbu6I3hkbMVkATvZrqb9EEqeeQ==",
      "dependencies": {
        "bytes": "3.1.1",
        "http-errors": "1.8.1",
        "iconv-lite": "0.4.24",
        "unpipe": "1.0.0"
      },
      "engines": {
        "node": ">= 0.8"
      }
    },
    "node_modules/readable-stream": {
      "version": "1.1.14",
      "resolved": "https://registry.npmjs.org/readable-stream/-/readable-stream-1.1.14.tgz",
      "integrity": "sha1-fPTFTvZI44EwhMY23SB54WbAgdk=",
      "dependencies": {
        "core-util-is": "~1.0.0",
        "inherits": "~2.0.1",
        "isarray": "0.0.1",
        "string_decoder": "~0.10.x"
      }
    },
    "node_modules/readable-stream/node_modules/isarray": {
      "version": "0.0.1",
      "resolved": "https://registry.npmjs.org/isarray/-/isarray-0.0.1.tgz",
      "integrity": "sha1-ihis/Kmo9Bd+Cav8YDiTmwXR7t8="
    },
    "node_modules/readable-web-to-node-stream": {
      "version": "2.0.0",
      "resolved": "https://registry.npmjs.org/readable-web-to-node-stream/-/readable-web-to-node-stream-2.0.0.tgz",
      "integrity": "sha512-+oZJurc4hXpaaqsN68GoZGQAQIA3qr09Or4fqEsargABnbe5Aau8hFn6ISVleT3cpY/0n/8drn7huyyEvTbghA=="
    },
    "node_modules/safe-buffer": {
      "version": "5.2.1",
      "resolved": "https://registry.npmjs.org/safe-buffer/-/safe-buffer-5.2.1.tgz",
      "integrity": "sha512-rp3So07KcdmmKbGvgaNxQSJr7bGVSVk5S9Eq1F+ppbRo70+YeaDxkw5Dd8NPN+GD6bjnYm2VuPuCXmpuYvmCXQ==",
      "funding": [
        {
          "type": "github",
          "url": "https://github.com/sponsors/feross"
        },
        {
          "type": "patreon",
          "url": "https://www.patreon.com/feross"
        },
        {
          "type": "consulting",
          "url": "https://feross.org/support"
        }
      ]
    },
    "node_modules/safer-buffer": {
      "version": "2.1.2",
      "resolved": "https://registry.npmjs.org/safer-buffer/-/safer-buffer-2.1.2.tgz",
      "integrity": "sha512-YZo3K82SD7Riyi0E1EQPojLz7kpepnSQI9IyPbHHg1XXXevb5dJI7tpyN2ADxGcQbHG7vcyRHk0cbwqcQriUtg=="
    },
    "node_modules/sax": {
      "version": "1.2.1",
      "resolved": "https://registry.npmjs.org/sax/-/sax-1.2.1.tgz",
      "integrity": "sha1-e45lYZCyKOgaZq6nSEgNgozS03o="
    },
    "node_modules/send": {
      "version": "0.17.2",
      "resolved": "https://registry.npmjs.org/send/-/send-0.17.2.tgz",
      "integrity": "sha512-UJYB6wFSJE3G00nEivR5rgWp8c2xXvJ3OPWPhmuteU0IKj8nKbG3DrjiOmLwpnHGYWAVwA69zmTm++YG0Hmwww==",
      "dependencies": {
        "debug": "2.6.9",
        "depd": "~1.1.2",
        "destroy": "~1.0.4",
        "encodeurl": "~1.0.2",
        "escape-html": "~1.0.3",
        "etag": "~1.8.1",
        "fresh": "0.5.2",
        "http-errors": "1.8.1",
        "mime": "1.6.0",
        "ms": "2.1.3",
        "on-finished": "~2.3.0",
        "range-parser": "~1.2.1",
        "statuses": "~1.5.0"
      },
      "engines": {
        "node": ">= 0.8.0"
      }
    },
    "node_modules/send/node_modules/debug": {
      "version": "2.6.9",
      "resolved": "https://registry.npmjs.org/debug/-/debug-2.6.9.tgz",
      "integrity": "sha512-bC7ElrdJaJnPbAP+1EotYvqZsb3ecl5wi6Bfi6BJTUcNowp6cvspg0jXznRTKDjm/E7AdgFBVeAPVMNcKGsHMA==",
      "dependencies": {
        "ms": "2.0.0"
      }
    },
    "node_modules/send/node_modules/debug/node_modules/ms": {
      "version": "2.0.0",
      "resolved": "https://registry.npmjs.org/ms/-/ms-2.0.0.tgz",
      "integrity": "sha1-VgiurfwAvmwpAd9fmGF4jeDVl8g="
    },
    "node_modules/send/node_modules/ms": {
      "version": "2.1.3",
      "resolved": "https://registry.npmjs.org/ms/-/ms-2.1.3.tgz",
      "integrity": "sha512-6FlzubTLZG3J2a/NVCAleEhjzq5oxgHyaCU9yYXvcLsvoVaHJq/s5xXI6/XXP6tz7R9xAOtHnSO/tXtF3WRTlA=="
    },
    "node_modules/serve-static": {
      "version": "1.14.2",
      "resolved": "https://registry.npmjs.org/serve-static/-/serve-static-1.14.2.tgz",
      "integrity": "sha512-+TMNA9AFxUEGuC0z2mevogSnn9MXKb4fa7ngeRMJaaGv8vTwnIEkKi+QGvPt33HSnf8pRS+WGM0EbMtCJLKMBQ==",
      "dependencies": {
        "encodeurl": "~1.0.2",
        "escape-html": "~1.0.3",
        "parseurl": "~1.3.3",
        "send": "0.17.2"
      },
      "engines": {
        "node": ">= 0.8.0"
      }
    },
    "node_modules/setprototypeof": {
      "version": "1.2.0",
      "resolved": "https://registry.npmjs.org/setprototypeof/-/setprototypeof-1.2.0.tgz",
      "integrity": "sha512-E5LDX7Wrp85Kil5bhZv46j8jOeboKq5JMmYM3gVGdGH8xFpPWXUMsNrlODCrkoxMEeNi/XZIwuRvY4XNwYMJpw=="
    },
    "node_modules/sqlstring": {
      "version": "2.3.1",
      "resolved": "https://registry.npmjs.org/sqlstring/-/sqlstring-2.3.1.tgz",
      "integrity": "sha1-R1OT/56RR5rqYtyvDKPRSYOn+0A=",
      "engines": {
        "node": ">= 0.6"
      }
    },
    "node_modules/statuses": {
      "version": "1.5.0",
      "resolved": "https://registry.npmjs.org/statuses/-/statuses-1.5.0.tgz",
      "integrity": "sha1-Fhx9rBd2Wf2YEfQ3cfqZOBR4Yow=",
      "engines": {
        "node": ">= 0.6"
      }
    },
    "node_modules/streamsearch": {
      "version": "0.1.2",
      "resolved": "https://registry.npmjs.org/streamsearch/-/streamsearch-0.1.2.tgz",
      "integrity": "sha1-gIudDlb8Jz2Am6VzOOkpkZoanxo=",
      "engines": {
        "node": ">=0.8.0"
      }
    },
    "node_modules/string_decoder": {
      "version": "0.10.31",
      "resolved": "https://registry.npmjs.org/string_decoder/-/string_decoder-0.10.31.tgz",
      "integrity": "sha1-YuIDvEF2bGwoyfyEMB2rHFMQ+pQ="
    },
    "node_modules/strtok3": {
      "version": "5.0.2",
      "resolved": "https://registry.npmjs.org/strtok3/-/strtok3-5.0.2.tgz",
      "integrity": "sha512-EFeVpFC5qDsqPEJSrIYyS/ueFBknGhgSK9cW+YAJF/cgJG/KSjoK7X6rK5xnpcLe7y1LVkVFCXWbAb+ClNKzKQ==",
      "dependencies": {
        "@tokenizer/token": "^0.1.1",
        "debug": "^4.1.1",
        "peek-readable": "^3.1.0"
      },
      "engines": {
        "node": ">=8"
      }
    },
    "node_modules/strtok3/node_modules/debug": {
      "version": "4.3.3",
      "resolved": "https://registry.npmjs.org/debug/-/debug-4.3.3.tgz",
      "integrity": "sha512-/zxw5+vh1Tfv+4Qn7a5nsbcJKPaSvCDhojn6FEl9vupwK2VCSDtEiEtqr8DFtzYFOdz63LBkxec7DYuc2jon6Q==",
      "dependencies": {
        "ms": "2.1.2"
      },
      "engines": {
        "node": ">=6.0"
      },
      "peerDependenciesMeta": {
        "supports-color": {
          "optional": true
        }
      }
    },
    "node_modules/strtok3/node_modules/ms": {
      "version": "2.1.2",
      "resolved": "https://registry.npmjs.org/ms/-/ms-2.1.2.tgz",
      "integrity": "sha512-sGkPx+VjMtmA6MX27oA4FBFELFCZZ4S4XqeGOXCv68tT+jb3vk/RyaKWP0PTKyWtmLSM0b+adUTEvbs1PEaH2w=="
    },
    "node_modules/toidentifier": {
      "version": "1.0.1",
      "resolved": "https://registry.npmjs.org/toidentifier/-/toidentifier-1.0.1.tgz",
      "integrity": "sha512-o5sSPKEkg/DIQNmH43V0/uerLrpzVedkUh8tGNvaeXpfpuwjKenlSox/2O/BTlZUtEe+JG7s5YhEz608PlAHRA==",
      "engines": {
        "node": ">=0.6"
      }
    },
    "node_modules/token-types": {
      "version": "2.1.1",
      "resolved": "https://registry.npmjs.org/token-types/-/token-types-2.1.1.tgz",
      "integrity": "sha512-wnQcqlreS6VjthyHO3Y/kpK/emflxDBNhlNUPfh7wE39KnuDdOituXomIbyI79vBtF0Ninpkh72mcuRHo+RG3Q==",
      "dependencies": {
        "@tokenizer/token": "^0.1.1",
        "ieee754": "^1.2.1"
      },
      "engines": {
        "node": ">=0.1.98"
      },
      "funding": {
        "type": "github",
        "url": "https://github.com/sponsors/Borewit"
      }
    },
    "node_modules/token-types/node_modules/ieee754": {
      "version": "1.2.1",
      "resolved": "https://registry.npmjs.org/ieee754/-/ieee754-1.2.1.tgz",
      "integrity": "sha512-dcyqhDvX1C46lXZcVqCpK+FtMRQVdIMN6/Df5js2zouUsqG7I6sFxitIC+7KYK29KdXOLHdu9zL4sFnoVQnqaA==",
      "funding": [
        {
          "type": "github",
          "url": "https://github.com/sponsors/feross"
        },
        {
          "type": "patreon",
          "url": "https://www.patreon.com/feross"
        },
        {
          "type": "consulting",
          "url": "https://feross.org/support"
        }
      ]
    },
    "node_modules/type-is": {
      "version": "1.6.18",
      "resolved": "https://registry.npmjs.org/type-is/-/type-is-1.6.18.tgz",
      "integrity": "sha512-TkRKr9sUTxEH8MdfuCSP7VizJyzRNMjj2J2do2Jr3Kym598JVdEksuzPQCnlFPW4ky9Q+iA+ma9BGm06XQBy8g==",
      "dependencies": {
        "media-typer": "0.3.0",
        "mime-types": "~2.1.24"
      },
      "engines": {
        "node": ">= 0.6"
      }
    },
    "node_modules/typedarray": {
      "version": "0.0.6",
      "resolved": "https://registry.npmjs.org/typedarray/-/typedarray-0.0.6.tgz",
      "integrity": "sha1-hnrHTjhkGHsdPUfZlqeOxciDB3c="
    },
    "node_modules/typedarray-to-buffer": {
      "version": "3.1.5",
      "resolved": "https://registry.npmjs.org/typedarray-to-buffer/-/typedarray-to-buffer-3.1.5.tgz",
      "integrity": "sha512-zdu8XMNEDepKKR+XYOXAVPtWui0ly0NtohUscw+UmaHiAWT8hrV1rr//H6V+0DvJ3OQ19S979M0laLfX8rm82Q==",
      "dependencies": {
        "is-typedarray": "^1.0.0"
      }
    },
    "node_modules/unpipe": {
      "version": "1.0.0",
      "resolved": "https://registry.npmjs.org/unpipe/-/unpipe-1.0.0.tgz",
      "integrity": "sha1-sr9O6FFKrmFltIF4KdIbLvSZBOw=",
      "engines": {
        "node": ">= 0.8"
      }
    },
    "node_modules/url": {
      "version": "0.10.3",
      "resolved": "https://registry.npmjs.org/url/-/url-0.10.3.tgz",
      "integrity": "sha1-Ah5NnHcF8hu/N9A861h2dAJ3TGQ=",
      "dependencies": {
        "punycode": "1.3.2",
        "querystring": "0.2.0"
      }
    },
    "node_modules/util-deprecate": {
      "version": "1.0.2",
      "resolved": "https://registry.npmjs.org/util-deprecate/-/util-deprecate-1.0.2.tgz",
      "integrity": "sha1-RQ1Nyfpw3nMnYvvS1KKJgUGaDM8="
    },
    "node_modules/utils-merge": {
      "version": "1.0.1",
      "resolved": "https://registry.npmjs.org/utils-merge/-/utils-merge-1.0.1.tgz",
      "integrity": "sha1-n5VxD1CiZ5R7LMwSR0HBAoQn5xM=",
      "engines": {
        "node": ">= 0.4.0"
      }
    },
    "node_modules/uuid": {
      "version": "3.3.2",
      "resolved": "https://registry.npmjs.org/uuid/-/uuid-3.3.2.tgz",
      "integrity": "sha512-yXJmeNaw3DnnKAOKJE51sL/ZaYfWJRl1pK9dr19YFCu0ObS231AB1/LbqTKRAQ5kw8A90rA6fr4riOUpTZvQZA==",
      "deprecated": "Please upgrade  to version 7 or higher.  Older versions may use Math.random() in certain circumstances, which is known to be problematic.  See https://v8.dev/blog/math-random for details.",
      "bin": {
        "uuid": "bin/uuid"
      }
    },
    "node_modules/vary": {
      "version": "1.1.2",
      "resolved": "https://registry.npmjs.org/vary/-/vary-1.1.2.tgz",
      "integrity": "sha1-IpnwLG3tMNSllhsLn3RSShj2NPw=",
      "engines": {
        "node": ">= 0.8"
      }
    },
    "node_modules/vue-toast-notification": {
      "version": "0.0.3",
      "resolved": "https://registry.npmjs.org/vue-toast-notification/-/vue-toast-notification-0.0.3.tgz",
      "integrity": "sha512-3UQuEa2oQX5JcWwMcnm6Kf9djL4XwWWv2R8uIawFC/PSPHYp4JCnXiYu+BVNc/qCQhpSvfkXmmDVOLRau5kVDg==",
      "engines": {
        "node": ">=6.9.0",
        "npm": ">=3.10.0"
      },
      "peerDependencies": {
        "vue": "^2.0.0"
      }
    },
    "node_modules/vue-toasted": {
      "version": "1.1.28",
      "resolved": "https://registry.npmjs.org/vue-toasted/-/vue-toasted-1.1.28.tgz",
      "integrity": "sha512-UUzr5LX51UbbiROSGZ49GOgSzFxaMHK6L00JV8fir/CYNJCpIIvNZ5YmS4Qc8Y2+Z/4VVYRpeQL2UO0G800Raw=="
    },
    "node_modules/xml2js": {
      "version": "0.4.19",
      "resolved": "https://registry.npmjs.org/xml2js/-/xml2js-0.4.19.tgz",
      "integrity": "sha512-esZnJZJOiJR9wWKMyuvSE1y6Dq5LCuJanqhxslH2bxM6duahNZ+HMpCLhBQGZkbX6xRf8x1Y2eJlgt2q3qo49Q==",
      "dependencies": {
        "sax": ">=0.6.0",
        "xmlbuilder": "~9.0.1"
      }
    },
    "node_modules/xmlbuilder": {
      "version": "9.0.7",
      "resolved": "https://registry.npmjs.org/xmlbuilder/-/xmlbuilder-9.0.7.tgz",
      "integrity": "sha1-Ey7mPS7FVlxVfiD0wi35rKaGsQ0=",
      "engines": {
        "node": ">=4.0"
      }
    },
    "node_modules/xtend": {
      "version": "4.0.2",
      "resolved": "https://registry.npmjs.org/xtend/-/xtend-4.0.2.tgz",
      "integrity": "sha512-LKYU1iAXJXUgAXn9URjiu+MWhyUXHsvfp7mcuYm9dSUKK0/CjtrUwFAxD82/mCWbtLsGjFIad0wIsod4zrTAEQ==",
      "engines": {
        "node": ">=0.4"
      }
    }
  },
  "dependencies": {
    "@tokenizer/token": {
      "version": "0.1.1",
      "resolved": "https://registry.npmjs.org/@tokenizer/token/-/token-0.1.1.tgz",
      "integrity": "sha512-XO6INPbZCxdprl+9qa/AAbFFOMzzwqYxpjPgLICrMD6C2FCw6qfJOPcBk6JqqPLSaZ/Qx87qn4rpPmPMwaAK6w=="
    },
    "accepts": {
      "version": "1.3.8",
      "resolved": "https://registry.npmjs.org/accepts/-/accepts-1.3.8.tgz",
      "integrity": "sha512-PYAthTa2m2VKxuvSD3DPC/Gy+U+sOA1LAuT8mkmRuvw+NACSaeXEQ+NHcVF7rONl6qcaxV3Uuemwawk+7+SJLw==",
      "requires": {
        "mime-types": "~2.1.34",
        "negotiator": "0.6.3"
      }
    },
    "append-field": {
      "version": "1.0.0",
      "resolved": "https://registry.npmjs.org/append-field/-/append-field-1.0.0.tgz",
      "integrity": "sha1-HjRA6RXwsSA9I3SOeO3XubW0PlY="
    },
    "array-flatten": {
      "version": "1.1.1",
      "resolved": "https://registry.npmjs.org/array-flatten/-/array-flatten-1.1.1.tgz",
      "integrity": "sha1-ml9pkFGx5wczKPKgCJaLZOopVdI="
    },
    "aws-sdk": {
      "version": "2.1070.0",
      "resolved": "https://registry.npmjs.org/aws-sdk/-/aws-sdk-2.1070.0.tgz",
      "integrity": "sha512-tkmuycoJ9k0qF1iq03iqyhevxP3l0OlrnUxjd0x8nZ9Ko1TGjyj0yJS4Vbd4r5RBpKUwRqedB7TAyZ/71mcZKw==",
      "requires": {
        "buffer": "4.9.2",
        "events": "1.1.1",
        "ieee754": "1.1.13",
        "jmespath": "0.16.0",
        "querystring": "0.2.0",
        "sax": "1.2.1",
        "url": "0.10.3",
        "uuid": "3.3.2",
        "xml2js": "0.4.19"
      }
    },
    "axios": {
      "version": "0.19.2",
      "resolved": "https://registry.npmjs.org/axios/-/axios-0.19.2.tgz",
      "integrity": "sha512-fjgm5MvRHLhx+osE2xoekY70AhARk3a6hkN+3Io1jc00jtquGvxYlKlsFUhmUET0V5te6CcZI7lcv2Ym61mjHA==",
      "requires": {
        "follow-redirects": "1.5.10"
      }
    },
    "base64-js": {
      "version": "1.5.1",
      "resolved": "https://registry.npmjs.org/base64-js/-/base64-js-1.5.1.tgz",
      "integrity": "sha512-AKpaYlHn8t4SVbOHCy+b5+KKgvR4vrsD8vbvrbiQJps7fKDTkjkDry6ji0rUJjC0kzbNePLwzxq8iypo41qeWA=="
    },
    "bignumber.js": {
      "version": "9.0.0",
      "resolved": "https://registry.npmjs.org/bignumber.js/-/bignumber.js-9.0.0.tgz",
      "integrity": "sha512-t/OYhhJ2SD+YGBQcjY8GzzDHEk9f3nerxjtfa6tlMXfe7frs/WozhvCNoGvpM0P3bNf3Gq5ZRMlGr5f3r4/N8A=="
    },
    "body-parser": {
      "version": "1.19.1",
      "resolved": "https://registry.npmjs.org/body-parser/-/body-parser-1.19.1.tgz",
      "integrity": "sha512-8ljfQi5eBk8EJfECMrgqNGWPEY5jWP+1IzkzkGdFFEwFQZZyaZ21UqdaHktgiMlH0xLHqIFtE/u2OYE5dOtViA==",
      "requires": {
        "bytes": "3.1.1",
        "content-type": "~1.0.4",
        "debug": "2.6.9",
        "depd": "~1.1.2",
        "http-errors": "1.8.1",
        "iconv-lite": "0.4.24",
        "on-finished": "~2.3.0",
        "qs": "6.9.6",
        "raw-body": "2.4.2",
        "type-is": "~1.6.18"
      },
      "dependencies": {
        "debug": {
          "version": "2.6.9",
          "resolved": "https://registry.npmjs.org/debug/-/debug-2.6.9.tgz",
          "integrity": "sha512-bC7ElrdJaJnPbAP+1EotYvqZsb3ecl5wi6Bfi6BJTUcNowp6cvspg0jXznRTKDjm/E7AdgFBVeAPVMNcKGsHMA==",
          "requires": {
            "ms": "2.0.0"
          }
        }
      }
    },
    "buffer": {
      "version": "4.9.2",
      "resolved": "https://registry.npmjs.org/buffer/-/buffer-4.9.2.tgz",
      "integrity": "sha512-xq+q3SRMOxGivLhBNaUdC64hDTQwejJ+H0T/NB1XMtTVEwNTrfFF3gAxiyW0Bu/xWEGhjVKgUcMhCrUy2+uCWg==",
      "requires": {
        "base64-js": "^1.0.2",
        "ieee754": "^1.1.4",
        "isarray": "^1.0.0"
      }
    },
    "buffer-from": {
      "version": "1.1.2",
      "resolved": "https://registry.npmjs.org/buffer-from/-/buffer-from-1.1.2.tgz",
      "integrity": "sha512-E+XQCRwSbaaiChtv6k6Dwgc+bx+Bs6vuKJHHl5kox/BaKbhiXzqQOwK4cO22yElGp2OCmjwVhT3HmxgyPGnJfQ=="
    },
    "busboy": {
      "version": "0.2.14",
      "resolved": "https://registry.npmjs.org/busboy/-/busboy-0.2.14.tgz",
      "integrity": "sha1-bCpiLvz0fFe7vh4qnDetNseSVFM=",
      "requires": {
        "dicer": "0.2.5",
        "readable-stream": "1.1.x"
      }
    },
    "bytes": {
      "version": "3.1.1",
      "resolved": "https://registry.npmjs.org/bytes/-/bytes-3.1.1.tgz",
      "integrity": "sha512-dWe4nWO/ruEOY7HkUJ5gFt1DCFV9zPRoJr8pV0/ASQermOZjtq8jMjOprC0Kd10GLN+l7xaUPvxzJFWtxGu8Fg=="
    },
    "concat-stream": {
      "version": "1.6.2",
      "resolved": "https://registry.npmjs.org/concat-stream/-/concat-stream-1.6.2.tgz",
      "integrity": "sha512-27HBghJxjiZtIk3Ycvn/4kbJk/1uZuJFfuPEns6LaEvpvG1f0hTea8lilrouyo9mVc2GWdcEZ8OLoGmSADlrCw==",
      "requires": {
        "buffer-from": "^1.0.0",
        "inherits": "^2.0.3",
        "readable-stream": "^2.2.2",
        "typedarray": "^0.0.6"
      },
      "dependencies": {
        "readable-stream": {
          "version": "2.3.7",
          "resolved": "https://registry.npmjs.org/readable-stream/-/readable-stream-2.3.7.tgz",
          "integrity": "sha512-Ebho8K4jIbHAxnuxi7o42OrZgF/ZTNcsZj6nRKyUmkhLFq8CHItp/fy6hQZuZmP/n3yZ9VBUbp4zz/mX8hmYPw==",
          "requires": {
            "core-util-is": "~1.0.0",
            "inherits": "~2.0.3",
            "isarray": "~1.0.0",
            "process-nextick-args": "~2.0.0",
            "safe-buffer": "~5.1.1",
            "string_decoder": "~1.1.1",
            "util-deprecate": "~1.0.1"
          }
        },
        "safe-buffer": {
          "version": "5.1.2",
          "resolved": "https://registry.npmjs.org/safe-buffer/-/safe-buffer-5.1.2.tgz",
          "integrity": "sha512-Gd2UZBJDkXlY7GbJxfsE8/nvKkUEU1G38c1siN6QP6a9PT9MmHB8GnpscSmMJSoF8LOIrt8ud/wPtojys4G6+g=="
        },
        "string_decoder": {
          "version": "1.1.1",
          "resolved": "https://registry.npmjs.org/string_decoder/-/string_decoder-1.1.1.tgz",
          "integrity": "sha512-n/ShnvDi6FHbbVfviro+WojiFzv+s8MPMHBczVePfUpDJLwoLT0ht1l4YwBCbi8pJAveEEdnkHyPyTP/mzRfwg==",
          "requires": {
            "safe-buffer": "~5.1.0"
          }
        }
      }
    },
    "content-disposition": {
      "version": "0.5.4",
      "resolved": "https://registry.npmjs.org/content-disposition/-/content-disposition-0.5.4.tgz",
      "integrity": "sha512-FveZTNuGw04cxlAiWbzi6zTAL/lhehaWbTtgluJh4/E95DqMwTmha3KZN1aAWA8cFIhHzMZUvLevkw5Rqk+tSQ==",
      "requires": {
        "safe-buffer": "5.2.1"
      }
    },
    "content-type": {
      "version": "1.0.4",
      "resolved": "https://registry.npmjs.org/content-type/-/content-type-1.0.4.tgz",
      "integrity": "sha512-hIP3EEPs8tB9AT1L+NUqtwOAps4mk2Zob89MWXMHjHWg9milF/j4osnnQLXBCBFBk/tvIG/tUc9mOUJiPBhPXA=="
    },
    "cookie": {
      "version": "0.4.1",
      "resolved": "https://registry.npmjs.org/cookie/-/cookie-0.4.1.tgz",
      "integrity": "sha512-ZwrFkGJxUR3EIoXtO+yVE69Eb7KlixbaeAWfBQB9vVsNn/o+Yw69gBWSSDK825hQNdN+wF8zELf3dFNl/kxkUA=="
    },
    "cookie-signature": {
      "version": "1.0.6",
      "resolved": "https://registry.npmjs.org/cookie-signature/-/cookie-signature-1.0.6.tgz",
      "integrity": "sha1-4wOogrNCzD7oylE6eZmXNNqzriw="
    },
    "core-util-is": {
      "version": "1.0.3",
      "resolved": "https://registry.npmjs.org/core-util-is/-/core-util-is-1.0.3.tgz",
      "integrity": "sha512-ZQBvi1DcpJ4GDqanjucZ2Hj3wEO5pZDS89BWbkcrvdxksJorwUDDZamX9ldFkp9aw2lmBDLgkObEA4DWNJ9FYQ=="
    },
    "cors": {
      "version": "2.8.5",
      "resolved": "https://registry.npmjs.org/cors/-/cors-2.8.5.tgz",
      "integrity": "sha512-KIHbLJqu73RGr/hnbrO9uBeixNGuvSQjul/jdFvS/KFSIH1hWVd1ng7zOHx+YrEfInLG7q4n6GHQ9cDtxv/P6g==",
      "requires": {
        "object-assign": "^4",
        "vary": "^1"
      }
    },
    "crypto": {
      "version": "1.0.1",
      "resolved": "https://registry.npmjs.org/crypto/-/crypto-1.0.1.tgz",
      "integrity": "sha512-VxBKmeNcqQdiUQUW2Tzq0t377b54N2bMtXO/qiLa+6eRRmmC4qT3D4OnTGoT/U6O9aklQ/jTwbOtRMTTY8G0Ig=="
    },
    "debug": {
      "version": "3.1.0",
      "resolved": "https://registry.npmjs.org/debug/-/debug-3.1.0.tgz",
      "integrity": "sha512-OX8XqP7/1a9cqkxYw2yXss15f26NKWBpDXQd0/uK/KPqdQhxbPa994hnzjcE2VqQpDslf55723cKPUOGSmMY3g==",
      "requires": {
        "ms": "2.0.0"
      }
    },
    "depd": {
      "version": "1.1.2",
      "resolved": "https://registry.npmjs.org/depd/-/depd-1.1.2.tgz",
      "integrity": "sha1-m81S4UwJd2PnSbJ0xDRu0uVgtak="
    },
    "destroy": {
      "version": "1.0.4",
      "resolved": "https://registry.npmjs.org/destroy/-/destroy-1.0.4.tgz",
      "integrity": "sha1-l4hXRCxEdJ5CBmE+N5RiBYJqvYA="
    },
    "dicer": {
      "version": "0.2.5",
      "resolved": "https://registry.npmjs.org/dicer/-/dicer-0.2.5.tgz",
      "integrity": "sha1-WZbAhrszIYyBLAkL3cCc0S+stw8=",
      "requires": {
        "readable-stream": "1.1.x",
        "streamsearch": "0.1.2"
      }
    },
    "ee-first": {
      "version": "1.1.1",
      "resolved": "https://registry.npmjs.org/ee-first/-/ee-first-1.1.1.tgz",
      "integrity": "sha1-WQxhFWsK4vTwJVcyoViyZrxWsh0="
    },
    "encodeurl": {
      "version": "1.0.2",
      "resolved": "https://registry.npmjs.org/encodeurl/-/encodeurl-1.0.2.tgz",
      "integrity": "sha1-rT/0yG7C0CkyL1oCw6mmBslbP1k="
    },
    "escape-html": {
      "version": "1.0.3",
      "resolved": "https://registry.npmjs.org/escape-html/-/escape-html-1.0.3.tgz",
      "integrity": "sha1-Aljq5NPQwJdN4cFpGI7wBR0dGYg="
    },
    "etag": {
      "version": "1.8.1",
      "resolved": "https://registry.npmjs.org/etag/-/etag-1.8.1.tgz",
      "integrity": "sha1-Qa4u62XvpiJorr/qg6x9eSmbCIc="
    },
    "events": {
      "version": "1.1.1",
      "resolved": "https://registry.npmjs.org/events/-/events-1.1.1.tgz",
      "integrity": "sha1-nr23Y1rQmccNzEwqH1AEKI6L2SQ="
    },
    "express": {
      "version": "4.17.2",
      "resolved": "https://registry.npmjs.org/express/-/express-4.17.2.tgz",
      "integrity": "sha512-oxlxJxcQlYwqPWKVJJtvQiwHgosH/LrLSPA+H4UxpyvSS6jC5aH+5MoHFM+KABgTOt0APue4w66Ha8jCUo9QGg==",
      "requires": {
        "accepts": "~1.3.7",
        "array-flatten": "1.1.1",
        "body-parser": "1.19.1",
        "content-disposition": "0.5.4",
        "content-type": "~1.0.4",
        "cookie": "0.4.1",
        "cookie-signature": "1.0.6",
        "debug": "2.6.9",
        "depd": "~1.1.2",
        "encodeurl": "~1.0.2",
        "escape-html": "~1.0.3",
        "etag": "~1.8.1",
        "finalhandler": "~1.1.2",
        "fresh": "0.5.2",
        "merge-descriptors": "1.0.1",
        "methods": "~1.1.2",
        "on-finished": "~2.3.0",
        "parseurl": "~1.3.3",
        "path-to-regexp": "0.1.7",
        "proxy-addr": "~2.0.7",
        "qs": "6.9.6",
        "range-parser": "~1.2.1",
        "safe-buffer": "5.2.1",
        "send": "0.17.2",
        "serve-static": "1.14.2",
        "setprototypeof": "1.2.0",
        "statuses": "~1.5.0",
        "type-is": "~1.6.18",
        "utils-merge": "1.0.1",
        "vary": "~1.1.2"
      },
      "dependencies": {
        "debug": {
          "version": "2.6.9",
          "resolved": "https://registry.npmjs.org/debug/-/debug-2.6.9.tgz",
          "integrity": "sha512-bC7ElrdJaJnPbAP+1EotYvqZsb3ecl5wi6Bfi6BJTUcNowp6cvspg0jXznRTKDjm/E7AdgFBVeAPVMNcKGsHMA==",
          "requires": {
            "ms": "2.0.0"
          }
        }
      }
    },
    "file-type": {
      "version": "13.1.2",
      "resolved": "https://registry.npmjs.org/file-type/-/file-type-13.1.2.tgz",
      "integrity": "sha512-NiHXbmclwHN38eHZfRklosbm7/W+1yacDzRCyddd0NiyuJUArQDmzJ8GPSFJGl82+I59u7sNGfcAVnJsfXJb8A==",
      "requires": {
        "readable-web-to-node-stream": "^2.0.0",
        "strtok3": "^5.0.2",
        "token-types": "^2.0.0",
        "typedarray-to-buffer": "^3.1.5"
      }
    },
    "finalhandler": {
      "version": "1.1.2",
      "resolved": "https://registry.npmjs.org/finalhandler/-/finalhandler-1.1.2.tgz",
      "integrity": "sha512-aAWcW57uxVNrQZqFXjITpW3sIUQmHGG3qSb9mUah9MgMC4NeWhNOlNjXEYq3HjRAvL6arUviZGGJsBg6z0zsWA==",
      "requires": {
        "debug": "2.6.9",
        "encodeurl": "~1.0.2",
        "escape-html": "~1.0.3",
        "on-finished": "~2.3.0",
        "parseurl": "~1.3.3",
        "statuses": "~1.5.0",
        "unpipe": "~1.0.0"
      },
      "dependencies": {
        "debug": {
          "version": "2.6.9",
          "resolved": "https://registry.npmjs.org/debug/-/debug-2.6.9.tgz",
          "integrity": "sha512-bC7ElrdJaJnPbAP+1EotYvqZsb3ecl5wi6Bfi6BJTUcNowp6cvspg0jXznRTKDjm/E7AdgFBVeAPVMNcKGsHMA==",
          "requires": {
            "ms": "2.0.0"
          }
        }
      }
    },
    "follow-redirects": {
      "version": "1.5.10",
      "resolved": "https://registry.npmjs.org/follow-redirects/-/follow-redirects-1.5.10.tgz",
      "integrity": "sha512-0V5l4Cizzvqt5D44aTXbFZz+FtyXV1vrDN6qrelxtfYQKW0KO0W2T/hkE8xvGa/540LkZlkaUjO4ailYTFtHVQ==",
      "requires": {
        "debug": "=3.1.0"
      }
    },
    "forwarded": {
      "version": "0.2.0",
      "resolved": "https://registry.npmjs.org/forwarded/-/forwarded-0.2.0.tgz",
      "integrity": "sha512-buRG0fpBtRHSTCOASe6hD258tEubFoRLb4ZNA6NxMVHNw2gOcwHo9wyablzMzOA5z9xA9L1KNjk/Nt6MT9aYow=="
    },
    "fresh": {
      "version": "0.5.2",
      "resolved": "https://registry.npmjs.org/fresh/-/fresh-0.5.2.tgz",
      "integrity": "sha1-PYyt2Q2XZWn6g1qx+OSyOhBWBac="
    },
    "http-errors": {
      "version": "1.8.1",
      "resolved": "https://registry.npmjs.org/http-errors/-/http-errors-1.8.1.tgz",
      "integrity": "sha512-Kpk9Sm7NmI+RHhnj6OIWDI1d6fIoFAtFt9RLaTMRlg/8w49juAStsrBgp0Dp4OdxdVbRIeKhtCUvoi/RuAhO4g==",
      "requires": {
        "depd": "~1.1.2",
        "inherits": "2.0.4",
        "setprototypeof": "1.2.0",
        "statuses": ">= 1.5.0 < 2",
        "toidentifier": "1.0.1"
      }
    },
    "iconv-lite": {
      "version": "0.4.24",
      "resolved": "https://registry.npmjs.org/iconv-lite/-/iconv-lite-0.4.24.tgz",
      "integrity": "sha512-v3MXnZAcvnywkTUEZomIActle7RXXeedOR31wwl7VlyoXO4Qi9arvSenNQWne1TcRwhCL1HwLI21bEqdpj8/rA==",
      "requires": {
        "safer-buffer": ">= 2.1.2 < 3"
      }
    },
    "ieee754": {
      "version": "1.1.13",
      "resolved": "https://registry.npmjs.org/ieee754/-/ieee754-1.1.13.tgz",
      "integrity": "sha512-4vf7I2LYV/HaWerSo3XmlMkp5eZ83i+/CDluXi/IGTs/O1sejBNhTtnxzmRZfvOUqj7lZjqHkeTvpgSFDlWZTg=="
    },
    "inherits": {
      "version": "2.0.4",
      "resolved": "https://registry.npmjs.org/inherits/-/inherits-2.0.4.tgz",
      "integrity": "sha512-k/vGaX4/Yla3WzyMCvTQOXYeIHvqOKtnqBduzTHpzpQZzAskKMhZ2K+EnBiSM9zGSoIFeMpXKxa4dYeZIQqewQ=="
    },
    "ipaddr.js": {
      "version": "1.9.1",
      "resolved": "https://registry.npmjs.org/ipaddr.js/-/ipaddr.js-1.9.1.tgz",
      "integrity": "sha512-0KI/607xoxSToH7GjN1FfSbLoU0+btTicjsQSWQlh/hZykN8KpmMf7uYwPW3R+akZ6R/w18ZlXSHBYXiYUPO3g=="
    },
    "is-typedarray": {
      "version": "1.0.0",
      "resolved": "https://registry.npmjs.org/is-typedarray/-/is-typedarray-1.0.0.tgz",
      "integrity": "sha1-5HnICFjfDBsR3dppQPlgEfzaSpo="
    },
    "isarray": {
      "version": "1.0.0",
      "resolved": "https://registry.npmjs.org/isarray/-/isarray-1.0.0.tgz",
      "integrity": "sha1-u5NdSFgsuhaMBoNJV6VKPgcSTxE="
    },
    "jmespath": {
      "version": "0.16.0",
      "resolved": "https://registry.npmjs.org/jmespath/-/jmespath-0.16.0.tgz",
      "integrity": "sha512-9FzQjJ7MATs1tSpnco1K6ayiYE3figslrXA72G2HQ/n76RzvYlofyi5QM+iX4YRs/pu3yzxlVQSST23+dMDknw=="
    },
    "media-typer": {
      "version": "0.3.0",
      "resolved": "https://registry.npmjs.org/media-typer/-/media-typer-0.3.0.tgz",
      "integrity": "sha1-hxDXrwqmJvj/+hzgAWhUUmMlV0g="
    },
    "merge-descriptors": {
      "version": "1.0.1",
      "resolved": "https://registry.npmjs.org/merge-descriptors/-/merge-descriptors-1.0.1.tgz",
      "integrity": "sha1-sAqqVW3YtEVoFQ7J0blT8/kMu2E="
    },
    "methods": {
      "version": "1.1.2",
      "resolved": "https://registry.npmjs.org/methods/-/methods-1.1.2.tgz",
      "integrity": "sha1-VSmk1nZUE07cxSZmVoNbD4Ua/O4="
    },
    "mime": {
      "version": "1.6.0",
      "resolved": "https://registry.npmjs.org/mime/-/mime-1.6.0.tgz",
      "integrity": "sha512-x0Vn8spI+wuJ1O6S7gnbaQg8Pxh4NNHb7KSINmEWKiPE4RKOplvijn+NkmYmmRgP68mc70j2EbeTFRsrswaQeg=="
    },
    "mime-db": {
      "version": "1.51.0",
      "resolved": "https://registry.npmjs.org/mime-db/-/mime-db-1.51.0.tgz",
      "integrity": "sha512-5y8A56jg7XVQx2mbv1lu49NR4dokRnhZYTtL+KGfaa27uq4pSTXkwQkFJl4pkRMyNFz/EtYDSkiiEHx3F7UN6g=="
    },
    "mime-types": {
      "version": "2.1.34",
      "resolved": "https://registry.npmjs.org/mime-types/-/mime-types-2.1.34.tgz",
      "integrity": "sha512-6cP692WwGIs9XXdOO4++N+7qjqv0rqxxVvJ3VHPh/Sc9mVZcQP+ZGhkKiTvWMQRr2tbHkJP/Yn7Y0npb3ZBs4A==",
      "requires": {
        "mime-db": "1.51.0"
      }
    },
    "minimist": {
      "version": "1.2.5",
      "resolved": "https://registry.npmjs.org/minimist/-/minimist-1.2.5.tgz",
      "integrity": "sha512-FM9nNUYrRBAELZQT3xeZQ7fmMOBg6nWNmJKTcgsJeaLstP/UODVpGsr5OhXhhXg6f+qtJ8uiZ+PUxkDWcgIXLw=="
    },
    "mkdirp": {
      "version": "0.5.5",
      "resolved": "https://registry.npmjs.org/mkdirp/-/mkdirp-0.5.5.tgz",
      "integrity": "sha512-NKmAlESf6jMGym1++R0Ra7wvhV+wFW63FaSOFPwRahvea0gMUcGUhVeAg/0BC0wiv9ih5NYPB1Wn1UEI1/L+xQ==",
      "requires": {
        "minimist": "^1.2.5"
      }
    },
    "ms": {
      "version": "2.0.0",
      "resolved": "https://registry.npmjs.org/ms/-/ms-2.0.0.tgz",
      "integrity": "sha1-VgiurfwAvmwpAd9fmGF4jeDVl8g="
    },
    "multer": {
      "version": "1.4.4",
      "resolved": "https://registry.npmjs.org/multer/-/multer-1.4.4.tgz",
      "integrity": "sha512-2wY2+xD4udX612aMqMcB8Ws2Voq6NIUPEtD1be6m411T4uDH/VtL9i//xvcyFlTVfRdaBsk7hV5tgrGQqhuBiw==",
      "requires": {
        "append-field": "^1.0.0",
        "busboy": "^0.2.11",
        "concat-stream": "^1.5.2",
        "mkdirp": "^0.5.4",
        "object-assign": "^4.1.1",
        "on-finished": "^2.3.0",
        "type-is": "^1.6.4",
        "xtend": "^4.0.0"
      }
    },
    "mysql": {
      "version": "2.18.1",
      "resolved": "https://registry.npmjs.org/mysql/-/mysql-2.18.1.tgz",
      "integrity": "sha512-Bca+gk2YWmqp2Uf6k5NFEurwY/0td0cpebAucFpY/3jhrwrVGuxU2uQFCHjU19SJfje0yQvi+rVWdq78hR5lig==",
      "requires": {
        "bignumber.js": "9.0.0",
        "readable-stream": "2.3.7",
        "safe-buffer": "5.1.2",
        "sqlstring": "2.3.1"
      },
      "dependencies": {
        "readable-stream": {
          "version": "2.3.7",
          "resolved": "https://registry.npmjs.org/readable-stream/-/readable-stream-2.3.7.tgz",
          "integrity": "sha512-Ebho8K4jIbHAxnuxi7o42OrZgF/ZTNcsZj6nRKyUmkhLFq8CHItp/fy6hQZuZmP/n3yZ9VBUbp4zz/mX8hmYPw==",
          "requires": {
            "core-util-is": "~1.0.0",
            "inherits": "~2.0.3",
            "isarray": "~1.0.0",
            "process-nextick-args": "~2.0.0",
            "safe-buffer": "~5.1.1",
            "string_decoder": "~1.1.1",
            "util-deprecate": "~1.0.1"
          }
        },
        "safe-buffer": {
          "version": "5.1.2",
          "resolved": "https://registry.npmjs.org/safe-buffer/-/safe-buffer-5.1.2.tgz",
          "integrity": "sha512-Gd2UZBJDkXlY7GbJxfsE8/nvKkUEU1G38c1siN6QP6a9PT9MmHB8GnpscSmMJSoF8LOIrt8ud/wPtojys4G6+g=="
        },
        "string_decoder": {
          "version": "1.1.1",
          "resolved": "https://registry.npmjs.org/string_decoder/-/string_decoder-1.1.1.tgz",
          "integrity": "sha512-n/ShnvDi6FHbbVfviro+WojiFzv+s8MPMHBczVePfUpDJLwoLT0ht1l4YwBCbi8pJAveEEdnkHyPyTP/mzRfwg==",
          "requires": {
            "safe-buffer": "~5.1.0"
          }
        }
      }
    },
    "negotiator": {
      "version": "0.6.3",
      "resolved": "https://registry.npmjs.org/negotiator/-/negotiator-0.6.3.tgz",
      "integrity": "sha512-+EUsqGPLsM+j/zdChZjsnX51g4XrHFOIXwfnCVPGlQk/k5giakcKsuxCObBRu6DSm9opw/O6slWbJdghQM4bBg=="
    },
    "object-assign": {
      "version": "4.1.1",
      "resolved": "https://registry.npmjs.org/object-assign/-/object-assign-4.1.1.tgz",
      "integrity": "sha1-IQmtx5ZYh8/AXLvUQsrIv7s2CGM="
    },
    "on-finished": {
      "version": "2.3.0",
      "resolved": "https://registry.npmjs.org/on-finished/-/on-finished-2.3.0.tgz",
      "integrity": "sha1-IPEzZIGwg811M3mSoWlxqi2QaUc=",
      "requires": {
        "ee-first": "1.1.1"
      }
    },
    "parseurl": {
      "version": "1.3.3",
      "resolved": "https://registry.npmjs.org/parseurl/-/parseurl-1.3.3.tgz",
      "integrity": "sha512-CiyeOxFT/JZyN5m0z9PfXw4SCBJ6Sygz1Dpl0wqjlhDEGGBP1GnsUVEL0p63hoG1fcj3fHynXi9NYO4nWOL+qQ=="
    },
    "path-to-regexp": {
      "version": "0.1.7",
      "resolved": "https://registry.npmjs.org/path-to-regexp/-/path-to-regexp-0.1.7.tgz",
      "integrity": "sha1-32BBeABfUi8V60SQ5yR6G/qmf4w="
    },
    "peek-readable": {
      "version": "3.1.4",
      "resolved": "https://registry.npmjs.org/peek-readable/-/peek-readable-3.1.4.tgz",
      "integrity": "sha512-DX7ec7frSMtCWw+zMd27f66hcxIz/w9LQTY2RflB4WNHCVPAye1pJiP2t3gvaaOhu7IOhtPbHw8MemMj+F5lrg=="
    },
    "process-nextick-args": {
      "version": "2.0.1",
      "resolved": "https://registry.npmjs.org/process-nextick-args/-/process-nextick-args-2.0.1.tgz",
      "integrity": "sha512-3ouUOpQhtgrbOa17J7+uxOTpITYWaGP7/AhoR3+A+/1e9skrzelGi/dXzEYyvbxubEF6Wn2ypscTKiKJFFn1ag=="
    },
    "proxy-addr": {
      "version": "2.0.7",
      "resolved": "https://registry.npmjs.org/proxy-addr/-/proxy-addr-2.0.7.tgz",
      "integrity": "sha512-llQsMLSUDUPT44jdrU/O37qlnifitDP+ZwrmmZcoSKyLKvtZxpyV0n2/bD/N4tBAAZ/gJEdZU7KMraoK1+XYAg==",
      "requires": {
        "forwarded": "0.2.0",
        "ipaddr.js": "1.9.1"
      }
    },
    "punycode": {
      "version": "1.3.2",
      "resolved": "https://registry.npmjs.org/punycode/-/punycode-1.3.2.tgz",
      "integrity": "sha1-llOgNvt8HuQjQvIyXM7v6jkmxI0="
    },
    "qs": {
      "version": "6.9.6",
      "resolved": "https://registry.npmjs.org/qs/-/qs-6.9.6.tgz",
      "integrity": "sha512-TIRk4aqYLNoJUbd+g2lEdz5kLWIuTMRagAXxl78Q0RiVjAOugHmeKNGdd3cwo/ktpf9aL9epCfFqWDEKysUlLQ=="
    },
    "querystring": {
      "version": "0.2.0",
      "resolved": "https://registry.npmjs.org/querystring/-/querystring-0.2.0.tgz",
      "integrity": "sha1-sgmEkgO7Jd+CDadW50cAWHhSFiA="
    },
    "range-parser": {
      "version": "1.2.1",
      "resolved": "https://registry.npmjs.org/range-parser/-/range-parser-1.2.1.tgz",
      "integrity": "sha512-Hrgsx+orqoygnmhFbKaHE6c296J+HTAQXoxEF6gNupROmmGJRoyzfG3ccAveqCBrwr/2yxQ5BVd/GTl5agOwSg=="
    },
    "raw-body": {
      "version": "2.4.2",
      "resolved": "https://registry.npmjs.org/raw-body/-/raw-body-2.4.2.tgz",
      "integrity": "sha512-RPMAFUJP19WIet/99ngh6Iv8fzAbqum4Li7AD6DtGaW2RpMB/11xDoalPiJMTbu6I3hkbMVkATvZrqb9EEqeeQ==",
      "requires": {
        "bytes": "3.1.1",
        "http-errors": "1.8.1",
        "iconv-lite": "0.4.24",
        "unpipe": "1.0.0"
      }
    },
    "readable-stream": {
      "version": "1.1.14",
      "resolved": "https://registry.npmjs.org/readable-stream/-/readable-stream-1.1.14.tgz",
      "integrity": "sha1-fPTFTvZI44EwhMY23SB54WbAgdk=",
      "requires": {
        "core-util-is": "~1.0.0",
        "inherits": "~2.0.1",
        "isarray": "0.0.1",
        "string_decoder": "~0.10.x"
      },
      "dependencies": {
        "isarray": {
          "version": "0.0.1",
          "resolved": "https://registry.npmjs.org/isarray/-/isarray-0.0.1.tgz",
          "integrity": "sha1-ihis/Kmo9Bd+Cav8YDiTmwXR7t8="
        }
      }
    },
    "readable-web-to-node-stream": {
      "version": "2.0.0",
      "resolved": "https://registry.npmjs.org/readable-web-to-node-stream/-/readable-web-to-node-stream-2.0.0.tgz",
      "integrity": "sha512-+oZJurc4hXpaaqsN68GoZGQAQIA3qr09Or4fqEsargABnbe5Aau8hFn6ISVleT3cpY/0n/8drn7huyyEvTbghA=="
    },
    "safe-buffer": {
      "version": "5.2.1",
      "resolved": "https://registry.npmjs.org/safe-buffer/-/safe-buffer-5.2.1.tgz",
      "integrity": "sha512-rp3So07KcdmmKbGvgaNxQSJr7bGVSVk5S9Eq1F+ppbRo70+YeaDxkw5Dd8NPN+GD6bjnYm2VuPuCXmpuYvmCXQ=="
    },
    "safer-buffer": {
      "version": "2.1.2",
      "resolved": "https://registry.npmjs.org/safer-buffer/-/safer-buffer-2.1.2.tgz",
      "integrity": "sha512-YZo3K82SD7Riyi0E1EQPojLz7kpepnSQI9IyPbHHg1XXXevb5dJI7tpyN2ADxGcQbHG7vcyRHk0cbwqcQriUtg=="
    },
    "sax": {
      "version": "1.2.1",
      "resolved": "https://registry.npmjs.org/sax/-/sax-1.2.1.tgz",
      "integrity": "sha1-e45lYZCyKOgaZq6nSEgNgozS03o="
    },
    "send": {
      "version": "0.17.2",
      "resolved": "https://registry.npmjs.org/send/-/send-0.17.2.tgz",
      "integrity": "sha512-UJYB6wFSJE3G00nEivR5rgWp8c2xXvJ3OPWPhmuteU0IKj8nKbG3DrjiOmLwpnHGYWAVwA69zmTm++YG0Hmwww==",
      "requires": {
        "debug": "2.6.9",
        "depd": "~1.1.2",
        "destroy": "~1.0.4",
        "encodeurl": "~1.0.2",
        "escape-html": "~1.0.3",
        "etag": "~1.8.1",
        "fresh": "0.5.2",
        "http-errors": "1.8.1",
        "mime": "1.6.0",
        "ms": "2.1.3",
        "on-finished": "~2.3.0",
        "range-parser": "~1.2.1",
        "statuses": "~1.5.0"
      },
      "dependencies": {
        "debug": {
          "version": "2.6.9",
          "resolved": "https://registry.npmjs.org/debug/-/debug-2.6.9.tgz",
          "integrity": "sha512-bC7ElrdJaJnPbAP+1EotYvqZsb3ecl5wi6Bfi6BJTUcNowp6cvspg0jXznRTKDjm/E7AdgFBVeAPVMNcKGsHMA==",
          "requires": {
            "ms": "2.0.0"
          },
          "dependencies": {
            "ms": {
              "version": "2.0.0",
              "resolved": "https://registry.npmjs.org/ms/-/ms-2.0.0.tgz",
              "integrity": "sha1-VgiurfwAvmwpAd9fmGF4jeDVl8g="
            }
          }
        },
        "ms": {
          "version": "2.1.3",
          "resolved": "https://registry.npmjs.org/ms/-/ms-2.1.3.tgz",
          "integrity": "sha512-6FlzubTLZG3J2a/NVCAleEhjzq5oxgHyaCU9yYXvcLsvoVaHJq/s5xXI6/XXP6tz7R9xAOtHnSO/tXtF3WRTlA=="
        }
      }
    },
    "serve-static": {
      "version": "1.14.2",
      "resolved": "https://registry.npmjs.org/serve-static/-/serve-static-1.14.2.tgz",
      "integrity": "sha512-+TMNA9AFxUEGuC0z2mevogSnn9MXKb4fa7ngeRMJaaGv8vTwnIEkKi+QGvPt33HSnf8pRS+WGM0EbMtCJLKMBQ==",
      "requires": {
        "encodeurl": "~1.0.2",
        "escape-html": "~1.0.3",
        "parseurl": "~1.3.3",
        "send": "0.17.2"
      }
    },
    "setprototypeof": {
      "version": "1.2.0",
      "resolved": "https://registry.npmjs.org/setprototypeof/-/setprototypeof-1.2.0.tgz",
      "integrity": "sha512-E5LDX7Wrp85Kil5bhZv46j8jOeboKq5JMmYM3gVGdGH8xFpPWXUMsNrlODCrkoxMEeNi/XZIwuRvY4XNwYMJpw=="
    },
    "sqlstring": {
      "version": "2.3.1",
      "resolved": "https://registry.npmjs.org/sqlstring/-/sqlstring-2.3.1.tgz",
      "integrity": "sha1-R1OT/56RR5rqYtyvDKPRSYOn+0A="
    },
    "statuses": {
      "version": "1.5.0",
      "resolved": "https://registry.npmjs.org/statuses/-/statuses-1.5.0.tgz",
      "integrity": "sha1-Fhx9rBd2Wf2YEfQ3cfqZOBR4Yow="
    },
    "streamsearch": {
      "version": "0.1.2",
      "resolved": "https://registry.npmjs.org/streamsearch/-/streamsearch-0.1.2.tgz",
      "integrity": "sha1-gIudDlb8Jz2Am6VzOOkpkZoanxo="
    },
    "string_decoder": {
      "version": "0.10.31",
      "resolved": "https://registry.npmjs.org/string_decoder/-/string_decoder-0.10.31.tgz",
      "integrity": "sha1-YuIDvEF2bGwoyfyEMB2rHFMQ+pQ="
    },
    "strtok3": {
      "version": "5.0.2",
      "resolved": "https://registry.npmjs.org/strtok3/-/strtok3-5.0.2.tgz",
      "integrity": "sha512-EFeVpFC5qDsqPEJSrIYyS/ueFBknGhgSK9cW+YAJF/cgJG/KSjoK7X6rK5xnpcLe7y1LVkVFCXWbAb+ClNKzKQ==",
      "requires": {
        "@tokenizer/token": "^0.1.1",
        "debug": "^4.1.1",
        "peek-readable": "^3.1.0"
      },
      "dependencies": {
        "debug": {
          "version": "4.3.3",
          "resolved": "https://registry.npmjs.org/debug/-/debug-4.3.3.tgz",
          "integrity": "sha512-/zxw5+vh1Tfv+4Qn7a5nsbcJKPaSvCDhojn6FEl9vupwK2VCSDtEiEtqr8DFtzYFOdz63LBkxec7DYuc2jon6Q==",
          "requires": {
            "ms": "2.1.2"
          }
        },
        "ms": {
          "version": "2.1.2",
          "resolved": "https://registry.npmjs.org/ms/-/ms-2.1.2.tgz",
          "integrity": "sha512-sGkPx+VjMtmA6MX27oA4FBFELFCZZ4S4XqeGOXCv68tT+jb3vk/RyaKWP0PTKyWtmLSM0b+adUTEvbs1PEaH2w=="
        }
      }
    },
    "toidentifier": {
      "version": "1.0.1",
      "resolved": "https://registry.npmjs.org/toidentifier/-/toidentifier-1.0.1.tgz",
      "integrity": "sha512-o5sSPKEkg/DIQNmH43V0/uerLrpzVedkUh8tGNvaeXpfpuwjKenlSox/2O/BTlZUtEe+JG7s5YhEz608PlAHRA=="
    },
    "token-types": {
      "version": "2.1.1",
      "resolved": "https://registry.npmjs.org/token-types/-/token-types-2.1.1.tgz",
      "integrity": "sha512-wnQcqlreS6VjthyHO3Y/kpK/emflxDBNhlNUPfh7wE39KnuDdOituXomIbyI79vBtF0Ninpkh72mcuRHo+RG3Q==",
      "requires": {
        "@tokenizer/token": "^0.1.1",
        "ieee754": "^1.2.1"
      },
      "dependencies": {
        "ieee754": {
          "version": "1.2.1",
          "resolved": "https://registry.npmjs.org/ieee754/-/ieee754-1.2.1.tgz",
          "integrity": "sha512-dcyqhDvX1C46lXZcVqCpK+FtMRQVdIMN6/Df5js2zouUsqG7I6sFxitIC+7KYK29KdXOLHdu9zL4sFnoVQnqaA=="
        }
      }
    },
    "type-is": {
      "version": "1.6.18",
      "resolved": "https://registry.npmjs.org/type-is/-/type-is-1.6.18.tgz",
      "integrity": "sha512-TkRKr9sUTxEH8MdfuCSP7VizJyzRNMjj2J2do2Jr3Kym598JVdEksuzPQCnlFPW4ky9Q+iA+ma9BGm06XQBy8g==",
      "requires": {
        "media-typer": "0.3.0",
        "mime-types": "~2.1.24"
      }
    },
    "typedarray": {
      "version": "0.0.6",
      "resolved": "https://registry.npmjs.org/typedarray/-/typedarray-0.0.6.tgz",
      "integrity": "sha1-hnrHTjhkGHsdPUfZlqeOxciDB3c="
    },
    "typedarray-to-buffer": {
      "version": "3.1.5",
      "resolved": "https://registry.npmjs.org/typedarray-to-buffer/-/typedarray-to-buffer-3.1.5.tgz",
      "integrity": "sha512-zdu8XMNEDepKKR+XYOXAVPtWui0ly0NtohUscw+UmaHiAWT8hrV1rr//H6V+0DvJ3OQ19S979M0laLfX8rm82Q==",
      "requires": {
        "is-typedarray": "^1.0.0"
      }
    },
    "unpipe": {
      "version": "1.0.0",
      "resolved": "https://registry.npmjs.org/unpipe/-/unpipe-1.0.0.tgz",
      "integrity": "sha1-sr9O6FFKrmFltIF4KdIbLvSZBOw="
    },
    "url": {
      "version": "0.10.3",
      "resolved": "https://registry.npmjs.org/url/-/url-0.10.3.tgz",
      "integrity": "sha1-Ah5NnHcF8hu/N9A861h2dAJ3TGQ=",
      "requires": {
        "punycode": "1.3.2",
        "querystring": "0.2.0"
      }
    },
    "util-deprecate": {
      "version": "1.0.2",
      "resolved": "https://registry.npmjs.org/util-deprecate/-/util-deprecate-1.0.2.tgz",
      "integrity": "sha1-RQ1Nyfpw3nMnYvvS1KKJgUGaDM8="
    },
    "utils-merge": {
      "version": "1.0.1",
      "resolved": "https://registry.npmjs.org/utils-merge/-/utils-merge-1.0.1.tgz",
      "integrity": "sha1-n5VxD1CiZ5R7LMwSR0HBAoQn5xM="
    },
    "uuid": {
      "version": "3.3.2",
      "resolved": "https://registry.npmjs.org/uuid/-/uuid-3.3.2.tgz",
      "integrity": "sha512-yXJmeNaw3DnnKAOKJE51sL/ZaYfWJRl1pK9dr19YFCu0ObS231AB1/LbqTKRAQ5kw8A90rA6fr4riOUpTZvQZA=="
    },
    "vary": {
      "version": "1.1.2",
      "resolved": "https://registry.npmjs.org/vary/-/vary-1.1.2.tgz",
      "integrity": "sha1-IpnwLG3tMNSllhsLn3RSShj2NPw="
    },
    "vue-toast-notification": {
      "version": "0.0.3",
      "resolved": "https://registry.npmjs.org/vue-toast-notification/-/vue-toast-notification-0.0.3.tgz",
      "integrity": "sha512-3UQuEa2oQX5JcWwMcnm6Kf9djL4XwWWv2R8uIawFC/PSPHYp4JCnXiYu+BVNc/qCQhpSvfkXmmDVOLRau5kVDg==",
      "requires": {}
    },
    "vue-toasted": {
      "version": "1.1.28",
      "resolved": "https://registry.npmjs.org/vue-toasted/-/vue-toasted-1.1.28.tgz",
      "integrity": "sha512-UUzr5LX51UbbiROSGZ49GOgSzFxaMHK6L00JV8fir/CYNJCpIIvNZ5YmS4Qc8Y2+Z/4VVYRpeQL2UO0G800Raw=="
    },
    "xml2js": {
      "version": "0.4.19",
      "resolved": "https://registry.npmjs.org/xml2js/-/xml2js-0.4.19.tgz",
      "integrity": "sha512-esZnJZJOiJR9wWKMyuvSE1y6Dq5LCuJanqhxslH2bxM6duahNZ+HMpCLhBQGZkbX6xRf8x1Y2eJlgt2q3qo49Q==",
      "requires": {
        "sax": ">=0.6.0",
        "xmlbuilder": "~9.0.1"
      }
    },
    "xmlbuilder": {
      "version": "9.0.7",
      "resolved": "https://registry.npmjs.org/xmlbuilder/-/xmlbuilder-9.0.7.tgz",
      "integrity": "sha1-Ey7mPS7FVlxVfiD0wi35rKaGsQ0="
    },
    "xtend": {
      "version": "4.0.2",
      "resolved": "https://registry.npmjs.org/xtend/-/xtend-4.0.2.tgz",
      "integrity": "sha512-LKYU1iAXJXUgAXn9URjiu+MWhyUXHsvfp7mcuYm9dSUKK0/CjtrUwFAxD82/mCWbtLsGjFIad0wIsod4zrTAEQ=="
    }
  }
}
